{
  "1": {
    "1": {
      "delay": 0, 
      "weight": 0
    }, 
    "3": {
      "lldpdelay": 0.008550167083740234, 
      "delay": 0.0038498640060424805, 
      "weight": 1
    }, 
    "7": {
      "lldpdelay": 0.0013980865478515625, 
      "delay": 0.0016469955444335938, 
      "weight": 1
    }, 
    "8": {
      "lldpdelay": 0.002109050750732422, 
      "delay": 0.0002518892288208008, 
      "weight": 1
    }, 
    "10": {
      "lldpdelay": 0.002025127410888672, 
      "delay": 0.0004239082336425781, 
      "weight": 1
    }, 
    "12": {
      "lldpdelay": 0.0024001598358154297, 
      "delay": 0, 
      "weight": 1
    }, 
    "30": {
      "lldpdelay": 0.0017940998077392578, 
      "delay": 0.00015628337860107422, 
      "weight": 1
    }
  }, 
  "2": {
    "2": {
      "delay": 0, 
      "weight": 0
    }, 
    "3": {
      "lldpdelay": 0.0020651817321777344, 
      "delay": 0.0012650489807128906, 
      "weight": 1
    }, 
    "4": {
      "lldpdelay": 0.0024039745330810547, 
      "delay": 0.0012049674987792969, 
      "weight": 1
    }, 
    "5": {
      "lldpdelay": 0.004116058349609375, 
      "delay": 0.004098415374755859, 
      "weight": 1
    }, 
    "17": {
      "lldpdelay": 0.013180017471313477, 
      "delay": 0.006070494651794434, 
      "weight": 1
    }, 
    "21": {
      "lldpdelay": 0.0018889904022216797, 
      "delay": 0, 
      "weight": 1
    }, 
    "22": {
      "lldpdelay": 0.0027840137481689453, 
      "delay": 0.00047838687896728516, 
      "weight": 1
    }, 
    "28": {
      "lldpdelay": 0.003880023956298828, 
      "delay": 0.001580953598022461, 
      "weight": 1
    }, 
    "31": {
      "lldpdelay": 0.0039598941802978516, 
      "delay": 0.0009553432464599609, 
      "weight": 1
    }
  }, 
  "3": {
    "32": {
      "lldpdelay": 0.0017139911651611328, 
      "delay": 0.0009440183639526367, 
      "weight": 1
    }, 
    "1": {
      "lldpdelay": 0.0018868446350097656, 
      "delay": 0.0038498640060424805, 
      "weight": 1
    }, 
    "2": {
      "lldpdelay": 0.004290103912353516, 
      "delay": 0.0012650489807128906, 
      "weight": 1
    }, 
    "3": {
      "delay": 0, 
      "weight": 0
    }, 
    "4": {
      "lldpdelay": 0.0053980350494384766, 
      "delay": 0.0035254955291748047, 
      "weight": 1
    }, 
    "5": {
      "lldpdelay": 0.011987924575805664, 
      "delay": 0.00579679012298584, 
      "weight": 1
    }, 
    "6": {
      "lldpdelay": 0.0019028186798095703, 
      "delay": 0.00043845176696777344, 
      "weight": 1
    }, 
    "7": {
      "lldpdelay": 0.0023238658905029297, 
      "delay": 0.0021268129348754883, 
      "weight": 1
    }, 
    "12": {
      "lldpdelay": 0.009145021438598633, 
      "delay": 0.0017919540405273438, 
      "weight": 1
    }, 
    "13": {
      "lldpdelay": 0.0029761791229248047, 
      "delay": 0.000788569450378418, 
      "weight": 1
    }, 
    "15": {
      "lldpdelay": 0.0013129711151123047, 
      "delay": 0.0014818906784057617, 
      "weight": 1
    }, 
    "20": {
      "lldpdelay": 0.0016679763793945312, 
      "delay": 0, 
      "weight": 1
    }, 
    "27": {
      "lldpdelay": 0.0026361942291259766, 
      "delay": 0.0008791685104370117, 
      "weight": 1
    }, 
    "31": {
      "lldpdelay": 0.0020689964294433594, 
      "delay": 0.003393411636352539, 
      "weight": 1
    }
  }, 
  "4": {
    "16": {
      "lldpdelay": 0.002245187759399414, 
      "delay": 0.0007915496826171875, 
      "weight": 1
    }, 
    "17": {
      "lldpdelay": 0.0032029151916503906, 
      "delay": 0.0017811059951782227, 
      "weight": 1
    }, 
    "2": {
      "lldpdelay": 0.0026140213012695312, 
      "delay": 0.0012049674987792969, 
      "weight": 1
    }, 
    "3": {
      "lldpdelay": 0.0020949840545654297, 
      "delay": 0.0035254955291748047, 
      "weight": 1
    }, 
    "4": {
      "delay": 0, 
      "weight": 0
    }, 
    "11": {
      "lldpdelay": 0.0018439292907714844, 
      "delay": 0.00248110294342041, 
      "weight": 1
    }, 
    "14": {
      "lldpdelay": 0.0046710968017578125, 
      "delay": 0.002272486686706543, 
      "weight": 1
    }
  }, 
  "5": {
    "2": {
      "lldpdelay": 0.002465963363647461, 
      "delay": 0.004098415374755859, 
      "weight": 1
    }, 
    "3": {
      "lldpdelay": 0.0020499229431152344, 
      "delay": 0.00579679012298584, 
      "weight": 1
    }, 
    "5": {
      "delay": 0, 
      "weight": 0
    }, 
    "6": {
      "lldpdelay": 0.0035829544067382812, 
      "delay": 0.0019954442977905273, 
      "weight": 1
    }, 
    "9": {
      "lldpdelay": 0.0022439956665039062, 
      "delay": 0.0016864538192749023, 
      "weight": 1
    }, 
    "10": {
      "lldpdelay": 0.0020668506622314453, 
      "delay": 0.0015693902969360352, 
      "weight": 1
    }, 
    "11": {
      "lldpdelay": 0.0023889541625976562, 
      "delay": 0.0020914077758789062, 
      "weight": 1
    }, 
    "15": {
      "lldpdelay": 0.0021779537200927734, 
      "delay": 0.003117799758911133, 
      "weight": 1
    }, 
    "16": {
      "lldpdelay": 0.0016210079193115234, 
      "delay": 0.0006766319274902344, 
      "weight": 1
    }
  }, 
  "6": {
    "19": {
      "lldpdelay": 0.001834869384765625, 
      "delay": 0.0002459287643432617, 
      "weight": 1
    }, 
    "3": {
      "lldpdelay": 0.002725839614868164, 
      "delay": 0.00043845176696777344, 
      "weight": 1
    }, 
    "5": {
      "lldpdelay": 0.002864837646484375, 
      "delay": 0.0019954442977905273, 
      "weight": 1
    }, 
    "6": {
      "delay": 0, 
      "weight": 0
    }, 
    "23": {
      "lldpdelay": 0.0037419795989990234, 
      "delay": 0.0009961128234863281, 
      "weight": 1
    }, 
    "8": {
      "lldpdelay": 0.0027179718017578125, 
      "delay": 0.0010340213775634766, 
      "weight": 1
    }, 
    "27": {
      "lldpdelay": 0.0026140213012695312, 
      "delay": 0.0005642175674438477, 
      "weight": 1
    }
  }, 
  "7": {
    "7": {
      "delay": 0, 
      "weight": 0
    }, 
    "1": {
      "lldpdelay": 0.005444049835205078, 
      "delay": 0.0016469955444335938, 
      "weight": 1
    }, 
    "3": {
      "lldpdelay": 0.004614830017089844, 
      "delay": 0.0021268129348754883, 
      "weight": 1
    }, 
    "9": {
      "lldpdelay": 0.0038421154022216797, 
      "delay": 0.0015474557876586914, 
      "weight": 1
    }
  }, 
  "8": {
    "8": {
      "delay": 0, 
      "weight": 0
    }, 
    "1": {
      "lldpdelay": 0.0022859573364257812, 
      "delay": 0.0002518892288208008, 
      "weight": 1
    }, 
    "18": {
      "lldpdelay": 0.0020089149475097656, 
      "delay": 0.00044095516204833984, 
      "weight": 1
    }, 
    "6": {
      "lldpdelay": 0.0030670166015625, 
      "delay": 0.0010340213775634766, 
      "weight": 1
    }
  }, 
  "9": {
    "9": {
      "delay": 0, 
      "weight": 0
    }, 
    "5": {
      "lldpdelay": 0.0030710697174072266, 
      "delay": 0.0016864538192749023, 
      "weight": 1
    }, 
    "7": {
      "lldpdelay": 0.01200103759765625, 
      "delay": 0.0015474557876586914, 
      "weight": 1
    }
  }, 
  "10": {
    "1": {
      "lldpdelay": 0.002176046371459961, 
      "delay": 0.0004239082336425781, 
      "weight": 1
    }, 
    "10": {
      "delay": 0, 
      "weight": 0
    }, 
    "5": {
      "lldpdelay": 0.0028820037841796875, 
      "delay": 0.0015693902969360352, 
      "weight": 1
    }, 
    "29": {
      "lldpdelay": 0.0034329891204833984, 
      "delay": 0.0012379884719848633, 
      "weight": 1
    }
  }, 
  "11": {
    "13": {
      "lldpdelay": 0.002101898193359375, 
      "delay": 0.0006710290908813477, 
      "weight": 1
    }, 
    "11": {
      "delay": 0, 
      "weight": 0
    }, 
    "4": {
      "lldpdelay": 0.0033419132232666016, 
      "delay": 0.00248110294342041, 
      "weight": 1
    }, 
    "29": {
      "lldpdelay": 0.0034079551696777344, 
      "delay": 0.001758575439453125, 
      "weight": 1
    },